NombreUsuario,NombreCompleto,contrasenas,Experiencia,Valoracion,ImagenUsuario,Numerodedocumento,Tipdedocumento,Telefono,Edad,Email,Reservas,Favoritos
Akira,Akira Tanaka,X3b!9Lc2,7,4.7,https://i.pinimg.com/736x/27/10/a6/2710a674351286bf57c976cdf27efe93.jpg,12345678,DNI,9876543210,25,Akiratanaka4758@example.com,,
Aoi,Aoi Yamamoto,jT4#vG6n,3,3.2,https://plus.unsplash.com/premium_photo-1667520519383-37b138a2b72c?fm=jpg&q=60&w=3000&ixlib=rb-4.0.3&ixid=M3wxMjA3fDB8MHxzZWFyY2h8MXx8Y2FyYSUyMGFzaSVDMyVBMXRpY2F8ZW58MHx8MHx8fDA%3D,22345678,DNI,9876543211,28,aoi.nakamura@example.com,,
Asuka,Asuka Nakamura,z8W*R1kL,5,1.8,https://i.pinimg.com/236x/e5/a9/0e/e5a90e6f6a9f5b10a7cff3926265a2d8.jpg,32345678,DNI,9876543212,30,asuka.yamamoto@example.com,,
Aya,Aya Takahashi,mQ2@9tFg,10,2.9,https://media.istockphoto.com/id/1194465593/es/foto/joven-japonesa-luciendo-con-confianza.jpg?s=612x612&w=0&k=20&c=RSaCrSbxP5P6vC29gHx-omDiVwJrLMawxyQaM-pazqQ=,42345678,DNI,9876543213,22,aya.sato@example.com,,
Chie,Chie Kobayashi,P0d$V5xY,2,4.5,https://i.pinimg.com/236x/46/f7/c1/46f7c1a39c9e2f12baa5034082dd4efd.jpg,52345678,DNI,9876543214,27,chie.suzuki@example.com,,
Chika,Chika Matsumoto,bR7%aK3J,8,3.6,https://i.pinimg.com/474x/d7/d2/65/d7d265e3ee88ad2880be88669596d0e4.jpg,62345678,DNI,9876543215,24,chika.takahashi@example.com,,
Daisuke,Daisuke Fujimoto,L4f*Z8e2,12,2.3,https://es.dreamstime.com/feliz-sonriente-joven-y-guapo-hombre-asi%C3%A1tico-cara-sobre-fondo-blanco-image195696321,72345678,DNI,9876543216,35,daisuke.tanaka@example.com,,
Emi,Emi Suzuki,vH1#6cM0,4,4.1,https://media.istockphoto.com/id/75405062/es/foto/joven-mujer-con-cabello-largo.jpg?s=612x612&w=0&k=20&c=AE8MIah7enUk-yLjNhr4dK9JuZw0b9sJj3bcjJHOySY=,82345678,DNI,9876543217,29,emi.nishida@example.com,,
Eri,Eri Kondo,U5t$9wQk,6,1.5,https://okdiario.com/coolthelifestyle/img/2022/02/16/modelo.jpg,92345678,DNI,9876543218,31,eri.matsumoto@example.com,,
Fumi,Fumi Hayashi,s2J*D7p4,9,3.9,https://i.pinimg.com/736x/3c/6f/56/3c6f56792f842ef152ae89b034ae8070.jpg,102345678,DNI,9876543219,33,fumi.shimizu@example.com,,
Hana,Hana Shimizu,kL2!8vG3,3,4.8,https://st2.depositphotos.com/1013513/6691/i/450/depositphotos_66914185-stock-photo-closeup-smiling-young-beautiful-asian.jpg,112345678,DNI,9876543220,26,hana.yamashita@example.com,,
Haruto,Haruto Saito,xR9@7sP6,5,3.3,https://i.pinimg.com/originals/32/e2/7d/32e27dc034b48a1cb024759ff21ac777.jpg,122345678,DNI,9876543221,28,haruto.takeda@example.com,,
Hikari,Hikari Nakagawa,bV6#1pR0,7,4.6,https://i.pinimg.com/236x/4b/81/2e/4b812ebb9af93f044cdf76a4ed9e9c7d.jpg,132345678,DNI,9876543222,24,hikari.fujimoto@example.com,,
Hiro,Hiro Yamada,qT3!9mL4,2,2.1,https://img.freepik.com/foto-gratis/retrato-perfil-hombre-negocios-asiatica-joven_1262-1572.jpg,142345678,DNI,9876543223,27,hiro.nakamura@example.com,,
Junko,Junko Mori,pM8$5vR1,8,3.7,https://encrypted-tbn0.gstatic.com/images?q=tbn:ANd9GcTrsGul-omV22um4OotsbTOulzJ3S3o0Wv8Nw&s,152345678,DNI,9876543224,30,junko.hayashi@example.com,,
Kaito,Kaito Ishikawa,tK5@7xW3,10,2.8,https://media.gettyimages.com/id/1149504274/es/foto/retrato-de-un-hombre-taiwan%C3%A9s.jpg?s=612x612&w=gi&k=20&c=e83jzbok-CWKPscA7ODtHj3fvGD1cRb8TnvMz5z24XI=,162345678,DNI,9876543225,34,kaito.ishikawa@example.com,,
Kaori,Kaori Ogawa,vP2#6mL9,12,4.2,https://www.beautymed.es/fotos/19988_notbmed1grande.jpg,172345678,DNI,9876543226,25,kaori.honda@example.com,,
Kazuki,Kazuki Hasegawa,sL8*2xR7,4,3.0,https://i.pinimg.com/236x/35/b9/81/35b9812a743dcdff567cde4b908a4988.jpg,182345678,DNI,9876543227,29,kazuki.ogawa@example.com,,
Mai,Mai Yamashita,mW3@5vK4,6,1.9,"https://media.glamour.es/photos/616fbdd860f20fed760a6e05/4:3/w_648,h_486,c_limit/540739.jpg",192345678,DNI,9876543228,32,mai.kimura@example.com,,
Masaru,Masaru Fujita,zR7!8pL5,9,4.4,https://www.shutterstock.com/image-photo/attractive-young-handsome-smiling-face-600nw-2105989499.jpg,202345678,DNI,9876543229,33,masaru.fujita@example.com,,
Megumi,Megumi Ono,yT5#9vL2,7,4.1,https://www.shutterstock.com/image-photo/beautiful-young-asian-woman-clean-260nw-2475078393.jpg,212345678,DNI,9876543230,23,megumi.tanaka@example.com,,
Naoki,Naoki Kaneko,wP4@3xK8,2,2.7,https://www.shutterstock.com/image-photo/beauty-portraits-beautiful-young-asian-600nw-2498510425.jpg,222345678,DNI,9876543231,31,naoki.saito@example.com,,
Natsuki,Natsuki Shibata,bR6*4pT1,5,3.4,https://i.pinimg.com/originals/de/83/31/de83312ac33ca05f8b1258fae3db367c.jpg,232345678,DNI,9876543232,27,natsuki.kobayashi@example.com,,
Ren,Ren Kimura,zL8@2mP3,8,4.5,https://thumbs.dreamstime.com/z/cara-de-la-mujer-asi%C3%A1tica-hermosa-21146050.jpg,242345678,DNI,9876543233,29,ren.matsuda@example.com,,
Rika,Rika Takeuchi,tM3!6vR9,10,3.8,https://media.istockphoto.com/id/1306948296/es/foto/hermosa-joven-asi%C3%A1tica-con-piel-limpia-y-fresca-sobre-fondo-blanco-cuidado-facial-tratamiento.jpg?s=612x612&w=0&k=20&c=r8eWEpZ14sqKTUfg49f1A78rCw9wWh9jIr6RI9EwyV0=,252345678,DNI,9876543234,26,rika.yamamoto@example.com,,
Ryo,Ryo Sasaki,qP9@7xL4,3,2.2,https://img.freepik.com/fotos-premium/tiro-principal-hombre-asiatico-cara-normal_39688-707.jpg?semt=ais_hybrid,262345678,DNI,9876543235,28,ryo.suzuki@example.com,,
Sakura,Sakura Endo,pT2#8mW6,6,3.1,https://img.freepik.com/fotos-premium/hermosa-mujer-asiatica-cara-estudio-cerca-ella-esta-cogiendo-pelo_264197-22411.jpg,272345678,DNI,9876543236,22,sakura.nakagawa@example.com,,
Shin,Shin Miyamoto,vM7*5xT2,11,4.7,https://i.pinimg.com/564x/35/93/dd/3593dd02dd655efe82c01f5897cae84b.jpg,282345678,DNI,9876543237,30,shin.morita@example.com,,
Shiori,Shiori Kawai,yR3@6pM4,12,3.3,https://st2.depositphotos.com/2773135/10917/i/450/depositphotos_109179828-stock-photo-young-asian-man-face-outdoor.jpg,292345678,DNI,9876543238,24,shiori.kawamoto@example.com,,
Souta,Souta Ueda,wT6!9vL8,4,2.9,https://i.pinimg.com/736x/40/10/d1/4010d155bc7a67744fb709b6c0f12f9d.jpg,302345678,DNI,9876543239,33,souta.yamaguchi@example.com,,
Takumi,Takumi Yoshida,bP8*2mW7,8,4.6,https://i.pinimg.com/236x/0e/72/84/0e72840790d0fc12e7fad86de6e13288.jpg,312345678,DNI,9876543240,25,takumi.inoue@example.com,,
Tsubasa,Tsubasa Takeda,zL5@7xP1,3,3.7,https://i.pinimg.com/236x/0e/72/84/0e72840790d0fc12e7fad86de6e13288.jpg,322345678,DNI,9876543241,28,tsubasa.kuroda@example.com,,
Umiko,Umiko Okamoto,tR9!4mP6,9,4.3,https://thumbs.dreamstime.com/b/retrato-hombre-asi%C3%A1tico-luchador-serio-mirando-c%C3%A1mara-rostro-coreano-seguro-cara-guapo-chino-en-club-de-lucha-prepara-pu%C3%B1os-214255044.jpg,332345678,DNI,9876543242,31,umiko.shimizu@example.com,,
Yasuo,Yasuo Nakano,qP3#8vT5,5,3.2,https://encrypted-tbn0.gstatic.com/images?q=tbn:ANd9GcST4Z2W00a7lYaNX281hPSVHHc2zxcyvxjamw&s,342345678,DNI,9876543243,30,yasuo.okabe@example.com,,
Yoko,Yoko Inoue,pL6@7xM4,7,4.0,https://i.pinimg.com/474x/a3/93/96/a393967900a3f0d00d9e2efc145eff51.jpg,352345678,DNI,9876543244,26,yoko.miyazawa@example.com,,
Yoshiki,Yoshiki Arai,vT2!9pL8,2,2.6,https://thumbs.dreamstime.com/z/caras-hermosas-de-mujeres-asi%C3%A1ticas-102132362.jpg,362345678,DNI,9876543245,32,yoshiki.abe@example.com,,
Yui,Yui Nishimura,yP8#5mR3,12,4.9,https://encrypted-tbn0.gstatic.com/images?q=tbn:ANd9GcQoOvJVvDATJRYPwG4MN2uABmbsrhIEibXP6g&s,372345678,DNI,9876543246,23,yui.nishimura@example.com,,
Yuma,Yuma Sekiguchi,wL7@2xM6,4,3.5,https://st.depositphotos.com/1005818/2874/i/450/depositphotos_28743881-stock-photo-asian-woman.jpg,382345678,DNI,9876543247,29,yuma.hoshino@example.com,,
Yuri,Yuri Hino,bM5*9pT1,6,3.0,https://encrypted-tbn0.gstatic.com/images?q=tbn:ANd9GcRbNgLUpEUeoYExQjmcnWW3pe77XLDG6Kpk4w&s,392345678,DNI,9876543248,28,yuri.matsumoto@example.com,,
Yuto,Yuto Kinoshita,zP2@8vL5,10,4.4,https://i.pinimg.com/originals/7d/cd/12/7dcd124c243e95da52e5d18afa6fc961.jpg,402345678,DNI,9876543249,27,yuto.hasegawa@example.com,,
Taki,Taki Yamazaki,yP9#7xM2,7,4.2,https://thumbs.dreamstime.com/z/headshot-de-la-cara-asi%C3%A1tica-del-hombre-sin-maquillaje-63291836.jpg,412345678,DNI,9876543250,25,taki.kato@example.com,,
Tomoe,Tomoe Ota,wL4@3xP8,5,3.5,https://img.freepik.com/fotos-premium/closeup-cara-hombres-jovenes-guapos-asiaticos_264197-25057.jpg,422345678,DNI,9876543251,30,tomoe.fukuda@example.com,,
Tsuki,Tsuki Ando,bP8*3mL4,6,4.0,https://img.freepik.com/fotos-premium/mujeres-asiaticas-maquillaje-cara-mujer-probando-cosmeticos-hermosa-cara-maquillaje_1064589-3745.jpg,432345678,DNI,9876543252,27,tsuki.akiyama@example.com,,
Yasu,Yasu Shinohara,zT7@6vP3,9,3.9,https://encrypted-tbn0.gstatic.com/images?q=tbn:ANd9GcStl5fasSwQ1fOJSy7U63mSMrRxE4hmqdks-w&s,442345678,DNI,9876543253,31,yasu.watanabe@example.com,,
Yu,Yu Kawamoto,tP5#8xM7,8,4.6,https://thumbs.dreamstime.com/b/personas-lindas-y-serias-asi%C3%A1ticas-mirando-los-ojos-de-las-c%C3%A1maras-fondo-blanco-k-cara-seria-hombre-en-el-guapas-atractivos-una-164981098.jpg,452345678,DNI,9876543254,28,yoko.saito@example.com,,
Yuna,Yuna Tsuruta,qL9@4xT2,5,3.3,https://media.gettyimages.com/id/1363870324/es/foto/joven-alegre-sonriendo-sobre-fondo-azul.jpg?s=612x612&w=gi&k=20&c=XBMAQVeGV7GHjmT7KCo5yKn5wPCP8sZrTX7SZ3iA_aw=,462345678,DNI,9876543255,32,yu.suzuki@example.com,,
Yuzuki,Yuzuki Fukumoto,pT6#9vP5,10,4.8,https://media.istockphoto.com/id/144343639/es/foto/voluptuosa-caras-asi%C3%A1ticas.jpg?s=1024x1024&w=is&k=20&c=rXKQeDUo4O9GmOq-VccotIAdorvqorHIunV_s-M3aKI=,472345678,DNI,9876543256,23,yuna.mori@example.com,,
Zakuro,Zakuro Tokunaga,vM3@5pL8,7,3.7,https://st3.depositphotos.com/3494217/34075/i/450/depositphotos_340758060-stock-photo-beauty-spa-asian-woman-clean.jpg,482345678,DNI,9876543257,29,yuzuki.kinoshita@example.com,,
Zena,Zena Shiraishi,yP8#3xM6,4,2.8,https://encrypted-tbn0.gstatic.com/images?q=tbn:ANd9GcTL-nZikceeDEocx4lo1jqS28i8ngRvv3MvDg&s,492345678,DNI,9876543258,26,zakuro.hori@example.com,,
Zion,Zion Kuwahara,wR5@9vT1,12,4.1,https://www.shutterstock.com/image-photo/asian-young-woman-looking-face-600nw-2488477505.jpg,502345678,DNI,9876543259,27,zena.goto@example.com,,
Zoe,Zoe Okada,bT7*4pP3,3,3.4,https://thumbs.dreamstime.com/z/headshot-de-la-cara-asi%C3%A1tica-del-hombre-sin-maquillaje-63291810.jpg,512345678,DNI,9876543260,30,zion.kameda@example.com,,
Zuma,Zuma Nagai,zP4@5xM9,11,4.3,https://img.freepik.com/fotos-premium/hombre-joven-rasgos-asiaticos-que-parece-estar-conmocionado_731930-174411.jpg,522345678,DNI,9876543261,24,zoe.taniguchi@example.com,,
Amaya,Amaya Hirano,tR8#2vL6,8,4.5,https://media.istockphoto.com/id/1359069231/es/foto/hermosa-joven-asi%C3%A1tica-con-piel-limpia-y-fresca-sobre-fondo-blanco-cuidado-facial-tratamiento.jpg?s=612x612&w=0&k=20&c=kvB5MWQsYR5zJshH7SQ-zpDBRudioQZHc3xpn9YJkNo=,532345678,DNI,9876543262,33,zuma.yamada@example.com,,
Aki,Aki Oshima,qM5@6pT4,5,3.0,https://www.japonalternativo.com/wp-content/uploads/2022/05/hombre-de-origen-japones-bello.jpg,542345678,DNI,9876543263,28,zuri.kuroki@example.com,,
Ayumi,Ayumi Tani,pT3#7xM5,9,4.4,https://media.istockphoto.com/id/469930944/es/foto/cara-de-hombre-joven-asi%C3%A1tica-y-la-vista-de-costado.jpg?s=1024x1024&w=is&k=20&c=Xe2oZJ3xCUKf8HK4t9R26RWX20ykxz07enu70ncaV8g=,552345678,DNI,9876543264,26,zara.otani@example.com,,
Haruka,Haruka Iwasaki,vP2@3xL7,12,3.9,https://thumbs.dreamstime.com/z/los-hombres-asi%C3%A1ticos-tienen-bigotes-con-crema-ocular-en-la-cara-para-arruga-y-c%C3%ADrculos-oscuros-sobre-fondo-marr%C3%B3n-cuidado-de-226936148.jpg,562345678,DNI,9876543265,31,zane.oda@example.com,,
Kiyomi,Kiyomi Aoyama,yP6#5mT9,6,4.2,https://encrypted-tbn0.gstatic.com/images?q=tbn:ANd9GcSdm8ngpCaV88kO8_HM9rF-oYin46Bd1s4Zdw&s,572345678,DNI,9876543266,29,zaid.yashiro@example.com,,
Koji,Koji Sugimoto,wM9@4xP3,3,2.7,https://i.pinimg.com/236x/b0/60/c6/b060c6d53e22a36a6902156ccd80494c.jpg,582345678,DNI,9876543267,27,kojisamaboss@example.com,,
Kumi,Kumi Maeda,bP4*8mR5,10,4.6,https://encrypted-tbn0.gstatic.com/images?q=tbn:ANd9GcQ4h6xbRN9B7D3GvoODrL3dThdRBtPpl12dxw&s,592345678,DNI,9876543268,32,zaza.ueno@example.com,,
Maki,Maki Kuwano,zL5@2xM7,7,3.1,https://media.istockphoto.com/id/1367078430/es/foto/hermosa-joven-asi%C3%A1tica-con-piel-limpia-y-fresca-sobre-fondo-beige-cuidado-facial-tratamiento.jpg?s=612x612&w=0&k=20&c=cJ2BMhyQxpu7hLX61Jtxc2gGAFdsAaEet3TEjDS1yEY=,602345678,DNI,9876543269,24,zara.fukuda@example.com,,
Mio,Mio Takei,fR2*5xM4,7,4.2,https://img.freepik.com/fotos-premium/retrato-hombres-asiaticos-hombres-felices-cara-joven-persona-adulta-atractiva_163305-278773.jpg,612345678,DNI,9876543270,28,amaya.tanaka@example.com,,
Mika,Mika Nishida,gP6@3xR7,8,4.4,https://i.pinimg.com/736x/3a/ef/75/3aef75716173a4bf404f3c05daae545f.jpg,622345678,DNI,9876543271,32,aki.nakamura@example.com,,
Natsumi,Natsumi Koike,hL9*7vM5,10,4.1,https://img.freepik.com/fotos-premium/persona-masculina-tradicion-retrato-asiatico-cara-vieja-hombres-culturales-asiaticos-adultos-mayores_163305-280329.jpg,632345678,DNI,9876543272,27,asuka.yamaguchi@example.com,,
Rei,Rei Sakurai,pT3@6rM9,12,4.6,https://us.123rf.com/450wm/themorningglory/themorningglory2002/themorningglory200200741/140171655-retrato-de-asombrosa-expresi%C3%B3n-facial-cara-de-hombres-asi%C3%A1ticos-sobre-fondo-blanco-cara-de-hombres.jpg,642345678,DNI,9876543273,24,ayumi.kawai@example.com,,
Saki,Saki Yamauchi,bP5*4xL2,11,3.9,https://media.istockphoto.com/id/473994478/es/foto/estricto-hombre-joven-asi%C3%A1tica-haciendo-cara-y-mirando-a-la-c%C3%A1mara.jpg?s=1024x1024&w=is&k=20&c=4-OVOH76sI5XSAsx91Bo2tDBuBxHfAhPUsLT4femcPs=,652345678,DNI,9876543274,33,chika.hayashi@example.com,,
Sora,Sora Kuroda,qL3@7mT4,6,4.5,https://i.pinimg.com/564x/92/43/64/924364f4380ab354ca352ea381eb8908.jpg,662345678,DNI,9876543275,29,hana.ishikawa@example.com,,
Yumi,Yumi Sugiyama,tP9*6xR2,7,4.3,https://media.gettyimages.com/id/973096596/es/foto/japanese-man-portrait-in-the-studio.jpg?s=612x612&w=gi&k=20&c=pPGH4IDWkvf9ClWz9X0F9f99QbVFBc1ei4z6FB7A1cw=,672345678,DNI,9876543276,30,haruka.kobayashi@example.com,,
Naomi,Naomi Higuchi,yM2@5xT7,4,3.7,https://www.nippon.com/es/people/e00004/img/02_634.jpg,682345678,DNI,9876543277,27,kaori.suzuki@example.com,,
Kenji,Kenji Hoshino,pT4#8vM5,6,3.8,https://i.pinimg.com/236x/5a/2b/48/5a2b486a62a641dbefaba4d3d4b76aa8.jpg,692345678,DNI,9876543278,29,kaito.fujimoto@example.com,,
Masaki,Masaki Izumi,yL1@6mT3,12,4.5,https://thumbs.dreamstime.com/z/cara-de-japon%C3%A9s-mirando-la-c%C3%A1mara-en-blanco-y-negro-imagen-estudio-un-hombre-maduro-apuesto-aislado-169200925.jpg,702345678,DNI,9876543279,25,kiyomi.sato@example.com,,
Yukiko,Yukiko Nishiyama,tP5*3xL7,9,4.2,https://i.pinimg.com/236x/35/a3/09/35a3099aaad483bf328ee546cb9f9476.jpg,712345678,DNI,9876543280,33,koji.morimoto@example.com,,
Riku,Riku Hamada,yP7@2vR4,8,3.9,https://img.freepik.com/fotos-premium/media-cara-hombre-japones_274689-41347.jpg,722345678,DNI,9876543281,28,kumi.takahashi@example.com,,
Sana,Sana Okumura,bT3#5mL9,5,3.3,https://thumbs.dreamstime.com/z/cara-del-hombre-japon%C3%A9s-pensando-mientras-mira-hacia-arriba-imagen-de-estudio-un-maduro-y-apuesto-aislado-en-fondo-blanco-173720532.jpg,732345678,DNI,9876543282,30,maki.ueda@example.com,,
Reiko,Reiko Matsuda,zR4@6xM5,10,4.7,https://www.japonalternativo.com/wp-content/uploads/2022/05/actores-japoneses-guapos.jpg,742345678,DNI,9876543283,24,mio.nishida@example.com,,
Kaede,Kaede Toda,qL5*8xR2,7,4.0,https://i.pinimg.com/236x/3f/7e/57/3f7e57fd2ba5f05154bb226369666a34.jpg,752345678,DNI,9876543284,32,mika.sakamoto@example.com,,
Mizuki,Mizuki Uemura,pL3@9xT1,11,3.5,https://static3.mujerhoy.com/www/multimedia/202203/11/media/cortadas/manchas-aper-k1w-U1601277151390XBG-1248x1248@MujerHoy.jpg,762345678,DNI,9876543285,27,natsumi.yamamoto@example.com,,
Chihiro,Chihiro Mizuno,yP4*6vT3,9,4.3,https://media.glamour.es/photos/616fbdd87dc5777c054d7a0d/master/w_1600%2Cc_limit/540738.jpg,772345678,DNI,9876543286,28,rei.suzuki@example.com,,
Yori,Yori Arakawa,bL8*2mP5,8,4.0,https://i.pinimg.com/236x/cd/34/8f/cd348fa9e9642b97c49a35bb9173b8ae.jpg,782345678,DNI,9876543287,31,ren.kato@example.com,,
Rina,Rina Morita,tP2#4xL9,6,3.8,https://i.pinimg.com/474x/be/d9/96/bed996c049b7681694cca17efc64c71a.jpg,792345678,DNI,9876543288,33,saki.okada@example.com,,
Sayuri,Sayuri Komatsu,wP9@2mT7,5,3.7,https://i.blogs.es/b2ebb9/japonesa1/450_1000.jpg,802345678,DNI,9876543289,29,sora.fujiwara@example.com,,
Tamaki,Tamaki Hatta,gM6*4xL7,10,4.1,https://encrypted-tbn0.gstatic.com/images?q=tbn:ANd9GcQ4toNheX-nRDTI9WdNzeJrGOvxWZrXXSGbfA&s,812345678,DNI,9876543290,32,takumi.yamada@example.com,,
Etsuko,Etsuko Kitamura,hP8@5mT3,6,4.0,https://theobjective.com/wp-content/uploads/2022/07/110914/japonesas-3-e1659179352309.jpg,822345678,DNI,9876543291,26,yumi.aoyama@example.com,,
Fuyuko,Fuyuko Shibasaki,tR9*3xM8,8,3.9,https://www.actitudfem.com/media/files/media/files/japonesas.jpg,832345678,DNI,9876543292,30,fuyuko.shibasaki@example.com,,
Hoshiko,Hoshiko Tachibana,qP5*7vL4,7,4.5,https://images.squarespace-cdn.com/content/v1/570184dd86db4320c44473b9/1591312512423-XJ445IKEMR7A0GZVS7Y0/belleza-coreana-natural.jpg,842345678,DNI,9876543293,28,naomi.hirose@example.com,,
Itsuki,Itsuki Hosokawa,bM3@6xP9,9,4.2,https://static2.mujerhoy.com/www/multimedia/202212/30/media/cortadas/rutina-k-aper-kvyB-U1901117391036rF-1248x1248@MujerHoy.jpg,852345678,DNI,9876543294,33,kenji.matsumoto@example.com,,
Katsumi,Katsumi Kawashima,yL7@2mT8,8,3.7,https://i.pinimg.com/736x/02/44/d2/0244d2d30be5fa7095e3e105f65e69da.jpg,862345678,DNI,9876543295,29,masaki.hara@example.com,,
Kazue,Kazue Tsuruga,tP6#4xR1,7,3.8,https://st4allthings4p4ci.blob.core.windows.net/allthingshair/allthingshair/wp-content/uploads/sites/13/2023/01/44572/cortes-coreanos-para-hombres-377x566.jpg,872345678,DNI,9876543296,27,kazue.Tsuruga@example.com,,
Makoto,Makoto Nishikawa,pT2*7mL6,5,4.3,https://vanidad.es/images/carpeta_relacionados/2019/12/27/151486_captura_de_pantalla_181.jpg,882345678,DNI,9876543297,24,yukiko.morita@example.com,,
Midori,Midori Onodera,zP5@9xT3,6,3.9,https://pm1.aminoapps.com/6094/7817c45a5ce4fedadf515b0622a1cf27205afd7e_hq.jpg,892345678,DNI,9876543298,31,shiori.yamashita@example.com,,
Naho,Naho Igarashi,wL9#3mT4,10,4.4,https://media.istockphoto.com/id/1350690621/es/foto/retrato-de-un-hombre-asi%C3%A1tico.jpg?s=612x612&w=0&k=20&c=m84V_AcdjReZsEP4nB3kW_j_yreBgiThjsu5a1cwnjk=,902345678,DNI,9876543299,29,riku.nakatani@example.com,,
Sachiko,Sachiko Sugawara,gT6*5vM2,8,4.1,https://phantom-telva.unidadeditorial.es/b4c1be622f613a78e9c0744cafe8e5b1/crop/0x215/1000x777/f/jpg/assets/multimedia/imagenes/2021/11/17/16371866338673.jpg,912345678,DNI,9876543300,32,kazuki.ono@example.com,,
Satomi,Satomi Takanaka,hL7@4xT1,6,3.6,https://i.pinimg.com/736x/8a/96/17/8a96178300a0fa5564123f698d865414.jpg,922345678,DNI,9876543301,33,haruto.okabe@example.com,,
Takashi,Takashi Kawabata,yR9*3mP8,9,4.0,https://static3.mujerhoy.com/www/multimedia/202205/12/media/cortadas/kbeaut-aper-kCbB-U170673220022kC-624x624@MujerHoy.jpg,932345678,DNI,9876543302,25,emi.nakamoto@example.com,,
Tomoko,Tomoko Uchida,tP3*7vL6,7,3.8,https://encrypted-tbn0.gstatic.com/images?q=tbn:ANd9GcTAKs1A-2UpO09BnGdVdfAbJC6H1Pycl2yLow&s,942345678,DNI,9876543303,31,jun.hashimoto@example.com,,
Yukari,Yukari Fukushima,qL5@6xT7,12,4.7,https://i.pinimg.com/736x/cf/70/c7/cf70c7a54bbfd9d05c129e7e403a772d.jpg,952345678,DNI,9876543304,26,sana.fujii@example.com,,
Yoshino,Yoshino Tsuchiya,pM8#3vL5,10,4.2,https://encrypted-tbn0.gstatic.com/images?q=tbn:ANd9GcTNSjLuq-Oj8rN4I9IEC1jwNoLwNq34gJDHqA&s,962345678,DNI,9876543305,29,reiko.miyazaki@example.com,,
Ayaka,Ayaka Horikawa,bT6@4mT8,8,3.5,https://ichef.bbci.co.uk/ace/ws/640/cpsprodpb/DE1B/production/_100195865_q49c6443.jpg.webp,972345678,DNI,9876543306,30,kaede.shimizu@example.com,,
Manami,Manami Kanai,zR4*7xL1,5,3.8,https://e7.pngegg.com/pngimages/244/890/png-clipart-astro-15-k-pop-south-korea-korean-idol-astro-boy-child-face.png,982345678,DNI,9876543307,27,mizuki.hayakawa@example.com,,
Michiru,Michiru Anzai,wM9@2vP3,9,4.3,https://i.pinimg.com/564x/89/15/31/8915314965231aa8bd85bfb3b979aa49.jpg,992345678,DNI,9876543308,28,tsubasa.kaneko@example.com,,
Ritsuko,Ritsuko Narita,gT3*5xL7,7,4.1,https://www.directorioglam.mx/custom/domain_1/image_files/ckeditor/sitemgr_blog%20template%20(76)_1724689283.jpg,1002345678,DNI,9876543309,33,chihiro.takeda@example.com,,